{
    "Cicada": {
        "threshold": 0.196533203125,
        "f1": 0.9392971196012643,
        "precision": 0.9289099526066351,
        "recall": 0.9499192245557351
    },
    "Insect": {
        "threshold": 0.474609375,
        "f1": 0.9122160784886124,
        "precision": 0.9299123904881101,
        "recall": 0.8951807228915662
    },
    "Bird": {
        "threshold": 0.1600341796875,
        "f1": 0.7804081582733061,
        "precision": 0.750392464678179,
        "recall": 0.8129251700680272
    },
    "Owl": {
        "threshold": 0.08447265625,
        "f1": 0.6903225756484912,
        "precision": 0.7086092715231788,
        "recall": 0.6729559748427673
    },
    "Frog": {
        "threshold": 0.047698974609375,
        "f1": 0.8287671182880378,
        "precision": 0.8217317487266553,
        "recall": 0.8359240069084629
    },
    "Mammal": {
        "threshold": 0.1268310546875,
        "f1": 0.3124999950347222,
        "precision": 0.3409090909090909,
        "recall": 0.28846153846153844
    },
    "Speech": {
        "threshold": 0.2646484375,
        "f1": 0.885375489080598,
        "precision": 0.9256198347107438,
        "recall": 0.8484848484848485
    },
    "Wind": {
        "threshold": 0.0704345703125,
        "f1": 0.7465045542778503,
        "precision": 0.7189695550351288,
        "recall": 0.7762326169405815
    },
    "Rain": {
        "threshold": 0.60205078125,
        "f1": 0.8865030624952484,
        "precision": 0.9292604501607717,
        "recall": 0.8475073313782991
    },
    "Stream": {
        "threshold": 0.8369140625,
        "f1": 0.8201438798923452,
        "precision": 0.8260869565217391,
        "recall": 0.8142857142857143
    },
    "Aircraft": {
        "threshold": 0.16455078125,
        "f1": 0.6515837054219816,
        "precision": 0.6889952153110048,
        "recall": 0.6180257510729614
    },
    "Bat": {
        "threshold": 0.492919921875,
        "f1": 0.7368421006094183,
        "precision": 1.0,
        "recall": 0.5833333333333334
    },
    "Machine": {
        "threshold": 0.1177978515625,
        "f1": 0.771929819668274,
        "precision": 0.9041095890410958,
        "recall": 0.673469387755102
    }
}